id;start_date;end_date;language
1;2025-03-18T00:37:48;2025-03-18T00:58:29;FRENCH
2;2025-03-17T23:26:32;2025-03-17T18:18:54;ENGLISH
3;2025-03-18T04:46:42;2025-03-18T02:50:11;ENGLISH
4;2025-03-18T01:17:01;2025-03-17T17:17:16;SPANISH
5;2025-03-17T16:16:07;2025-03-17T10:03:40;FRENCH
6;2025-03-17T12:39:30;2025-03-17T20:59:48;ENGLISH
7;2025-03-17T16:18:51;2025-03-18T07:00:33;ENGLISH
8;2025-03-18T03:28:52;2025-03-18T05:57:05;ENGLISH
9;2025-03-17T11:19:29;2025-03-17T16:30:10;SPANISH
10;2025-03-17T18:27:37;2025-03-17T12:52:53;ENGLISH
